{
    "67-77": 5.625,
    "60-62": 2.85,
    "35-36": 1.425,
    "61-70": 4.333333333333333,
    "34-46": 7.75,
    "54-57": 1.75,
    "57-58": 5.125,
    "53-55": 5.925,
    "9-19": 8.375,
    "68-78": 17.833333333333336,
    "36-37": 7.625,
    "45-46": 8.125,
    "5-14": 8.25,
    "30-32": 1.925,
    "48-49": 6.45,
    "23-24": 7.2,
    "63-64": 1.8333333333333335,
    "70-71": 2.1666666666666665,
    "10-11": 7,
    "6-15": 4.9,
    "37-51": 4.875,
    "31-44": 1.175,
    "26-27": 5.5,
    "4-5": 7.125,
    "38-52": 5.291666666666667,
    "76-79": 2,
    "23-26": 8.85,
    "7-16": 4.025,
    "39-40": 1.875,
    "56-76": 4.425,
    "59-60": 9.958333333333332,
    "15-17": 6.199999999999999,
    "43-44": 4,
    "65-66": 3.95,
    "13-23": 4.3,
    "71-73": 1.5833333333333333,
    "12-13": 1.3666666666666667,
    "44-45": 3.4000000000000004,
    "39-54": 5.291666666666667,
    "35-47": 3.8,
    "45-61": 5.475,
    "6-7": 5.65,
    "40-57": 2.375,
    "40-41": 8.25,
    "76-77": 1.375,
    "79-81": 5.083333333333334,
    "41-58": 3.625,
    "36-48": 5.05,
    "56-67": 0.75,
    "27-41": 7.125,
    "54-56": 4.791666666666667,
    "0-1": 1.5416666666666665,
    "11-20": 10.375,
    "37-38": 4.125,
    "75-79": 7.75,
    "46-47": 3.5,
    "46-63": 3.875,
    "67-68": 9.375,
    "61-62": 6.1,
    "16-17": 5.15,
    "77-78": 12.5,
    "10-21": 6.125,
    "64-65": 3.375,
    "71-72": 1.0833333333333335,
    "47-64": 2.125,
    "47-48": 2.425,
    "1-2": 8.791666666666666,
    "9-11": 6.875,
    "43-59": 6.458333333333334,
    "16-34": 8.875,
    "14-28": 3.9666666666666663,
    "30-31": 3.05,
    "5-6": 7.625,
    "61-63": 3.7083333333333335,
    "2-3": 10.083333333333332,
    "12-22": 1.075,
    "18-35": 6.75,
    "18-19": 3.375,
    "74-75": 8.25,
    "8-18": 4.375,
    "28-31": 4.083333333333333,
    "51-52": 2.75,
    "44-60": 6.225,
    "19-20": 9,
    "79-80": 4.583333333333334,
    "75-76": 5.05,
    "17-29": 4.425,
    "1-5": 6.5,
    "69-70": 3.8333333333333335,
    "7-8": 2.875,
    "29-30": 3.375,
    "33-34": 7.5,
    "17-33": 3.375,
    "57-67": 4.5,
    "21-22": 5.25,
    "22-24": 0.95,
    "27-42": 3.125,
    "8-9": 5.916666666666666,
    "16-18": 7.75,
    "58-68": 9.541666666666668,
    "48-50": 3.825,
    "22-39": 5.125,
    "24-40": 7.75,
    "64-71": 3.0833333333333335,
    "19-36": 4,
    "14-15": 5.3,
    "0-4": 2.041666666666667,
    "51-66": 4.325,
    "65-74": 3.5,
    "20-21": 8.25,
    "25-26": 4.85,
    "23-41": 11.75,
    "2-6": 8.375,
    "20-37": 6.875,
    "28-29": 5.55,
    "33-45": 6.05,
    "66-75": 5.55,
    "38-39": 8.541666666666668,
    "21-38": 7.375,
    "34-35": 9.125,
    "62-69": 3.75,
    "52-53": 5.791666666666667,
    "10-12": 3.2083333333333335,
    "3-7": 4.5
}