{
    "72-73": 5.625,
    "55-66": 2.85,
    "32-46": 1.425,
    "67-68": 4.333333333333333,
    "44-45": 7.75,
    "50-61": 1.75,
    "8-9": 4.416666666666666,
    "51-62": 5.125,
    "49-71": 8.466666666666667,
    "41-42": 1.375,
    "18-19": 8.375,
    "73-74": 17.833333333333336,
    "33-47": 7.625,
    "44-56": 8.125,
    "14-15": 8.25,
    "9-10": 4.416666666666666,
    "29-43": 1.925,
    "46-59": 4.0,
    "22-37": 7.2,
    "57-68": 1.8333333333333335,
    "68-77": 2.1666666666666665,
    "10-20": 7.0,
    "15-16": 4.9,
    "47-48": 4.875,
    "53-64": 8.583333333333334,
    "25-27": 2.5,
    "42-43": 1.175,
    "3-8": 9.083333333333332,
    "38-39": 5.5,
    "5-14": 7.125,
    "48-49": 5.291666666666667,
    "80-81": 2.0,
    "23-38": 8.85,
    "75-76": 6.083333333333333,
    "16-17": 4.025,
    "36-50": 1.875,
    "71-72": 4.425,
    "81-82": 8.25,
    "54-65": 9.958333333333332,
    "16-26": 6.199999999999999,
    "47-59": 6.45,
    "42-54": 4.0,
    "59-70": 3.95,
    "12-13": 14.916666666666666,
    "22-23": 4.3,
    "77-78": 1.5833333333333333,
    "12-22": 1.3666666666666667,
    "43-55": 3.4000000000000004,
    "60-71": 5.925,
    "49-50": 5.291666666666667,
    "66-75": 6.0,
    "45-46": 3.8,
    "13-23": 17.85,
    "55-56": 5.475,
    "7-16": 5.65,
    "50-51": 2.375,
    "37-51": 8.25,
    "72-81": 1.375,
    "81-84": 5.083333333333334,
    "82-83": 10.5,
    "51-52": 3.625,
    "46-47": 5.05,
    "23-24": 8.1,
    "78-79": 7.25,
    "61-72": 0.75,
    "38-52": 7.125,
    "49-61": 4.791666666666667,
    "1-5": 1.5416666666666665,
    "19-20": 10.375,
    "34-48": 4.125,
    "27-42": 2.208333333333333,
    "79-80": 7.75,
    "45-57": 3.5,
    "56-57": 3.875,
    "62-73": 9.375,
    "55-67": 6.1,
    "16-30": 5.15,
    "73-82": 12.5,
    "20-21": 6.125,
    "41-53": 3.8333333333333335,
    "58-69": 3.375,
    "69-78": 2.5,
    "57-58": 2.125,
    "46-58": 2.425,
    "2-6": 8.791666666666666,
    "10-19": 6.875,
    "53-54": 6.458333333333334,
    "30-31": 8.875,
    "25-26": 3.9666666666666663,
    "28-43": 3.05,
    "63-74": 18.0,
    "6-15": 7.625,
    "56-68": 3.7083333333333335,
    "3-7": 10.083333333333332,
    "21-22": 1.075,
    "31-32": 6.75,
    "18-32": 3.375,
    "14-25": 6.916666666666667,
    "70-79": 8.25,
    "17-18": 4.375,
    "27-28": 4.083333333333333,
    "48-60": 2.75,
    "54-55": 6.225,
    "19-33": 9.0,
    "64-65": 12.083333333333332,
    "79-84": 10.833333333333334,
    "71-80": 5.05,
    "26-29": 4.425,
    "5-6": 6.5,
    "67-76": 3.8333333333333335,
    "1-2": 3.833333333333333,
    "0-4": 4.916666666666667,
    "8-17": 2.875,
    "28-29": 3.375,
    "30-44": 7.5,
    "29-30": 3.375,
    "61-62": 4.5,
    "21-35": 5.25,
    "80-84": 4.583333333333334,
    "2-3": 10.5,
    "22-36": 0.95,
    "39-52": 3.125,
    "9-18": 5.916666666666666,
    "17-31": 7.75,
    "74-83": 15.833333333333334,
    "62-63": 9.541666666666668,
    "58-59": 3.825,
    "35-36": 5.125,
    "36-37": 7.75,
    "68-69": 3.0833333333333335,
    "68-78": 1.0833333333333335,
    "32-33": 4.0,
    "15-26": 5.3,
    "4-5": 2.041666666666667,
    "59-60": 4.325,
    "69-70": 3.5,
    "4-14": 7.416666666666667,
    "52-63": 8.041666666666668,
    "0-1": 4.416666666666667,
    "20-34": 8.25,
    "10-11": 4.083333333333334,
    "65-66": 6.583333333333333,
    "23-39": 4.85,
    "37-38": 11.75,
    "6-7": 8.375,
    "33-34": 6.875,
    "26-28": 5.55,
    "43-44": 6.05,
    "24-40": 9.25,
    "70-71": 5.55,
    "35-49": 8.541666666666668,
    "39-40": 6.0,
    "34-35": 7.375,
    "11-12": 3.5,
    "31-45": 9.125,
    "66-67": 3.75,
    "76-77": 1.6666666666666665,
    "49-60": 5.791666666666667,
    "11-21": 3.2083333333333335,
    "7-8": 4.5
}